file,label,n_events,max_amplitude,fft_bin_0,fft_bin_1,fft_bin_2,fft_bin_3,fft_bin_4,fft_bin_5,fft_bin_6,fft_bin_7,fft_bin_8,fft_bin_9,fft_bin_10,fft_bin_11,fft_bin_12,fft_bin_13,fft_bin_14,fft_bin_15,fft_bin_16,fft_bin_17,fft_bin_18,fft_bin_19,fft_bin_20,fft_bin_21,fft_bin_22,fft_bin_23,fft_bin_24,fft_bin_25,fft_bin_26,fft_bin_27,fft_bin_28,fft_bin_29,fft_bin_30,fft_bin_31
healthy_000.npy,healthy,0,0.0,8.712180137634277,8.713125228881836,8.712335586547852,8.72044849395752,8.729045867919922,8.73261547088623,8.71992015838623,8.711579322814941,8.715027809143066,8.726729393005371,8.727235794067383,8.700443267822266,8.709871292114258,8.704472541809082,8.693673133850098,8.293837547302246,0.0,0.0,0.0,0.0,0.0,0.0,0.0,0.0,0.0,0.0,0.0,0.0,0.0,0.0,0.0,0.0
healthy_001.npy,healthy,0,0.0,8.690518379211426,8.703606605529785,8.71208381652832,8.724525451660156,8.721972465515137,8.725017547607422,8.692412376403809,8.716045379638672,8.706697463989258,8.716485977172852,8.721115112304688,8.694642066955566,8.70659065246582,8.686019897460938,8.721526145935059,8.325602531433105,0.0,0.0,0.0,0.0,0.0,0.0,0.0,0.0,0.0,0.0,0.0,0.0,0.0,0.0,0.0,0.0
healthy_002.npy,healthy,0,0.0,8.715609550476074,8.694563865661621,8.712532043457031,8.712566375732422,8.700175285339355,8.69876766204834,8.719827651977539,8.713753700256348,8.729996681213379,8.719038009643555,8.708171844482422,8.722909927368164,8.69504165649414,8.696035385131836,8.706412315368652,8.30617618560791,0.0,0.0,0.0,0.0,0.0,0.0,0.0,0.0,0.0,0.0,0.0,0.0,0.0,0.0,0.0,0.0
healthy_003.npy,healthy,0,0.0,8.699455261230469,8.713739395141602,8.72208023071289,8.700505256652832,8.706719398498535,8.73863410949707,8.718263626098633,8.731654167175293,8.707056999206543,8.694185256958008,8.704349517822266,8.708205223083496,8.723392486572266,8.720453262329102,8.73290729522705,8.312711715698242,0.0,0.0,0.0,0.0,0.0,0.0,0.0,0.0,0.0,0.0,0.0,0.0,0.0,0.0,0.0,0.0
healthy_004.npy,healthy,1,0.037829118962003735,8.722535133361816,8.730717658996582,8.692195892333984,8.705429077148438,8.714925765991211,8.689411163330078,8.722284317016602,8.732658386230469,8.706337928771973,8.720172882080078,8.687914848327637,8.679666519165039,8.713119506835938,8.725663185119629,8.708175659179688,8.324761390686035,0.0,0.0,0.0,0.0,0.0,0.0,0.0,0.0,0.0,0.0,0.0,0.0,0.0,0.0,0.0,0.0
healthy_005.npy,healthy,0,0.0,8.68535041809082,8.724544525146484,8.709396362304688,8.68653392791748,8.702280044555664,8.7136812210083,8.706518173217773,8.70179271697998,8.701972961425781,8.720521926879883,8.71558952331543,8.708048820495605,8.701944351196289,8.696237564086914,8.706419944763184,8.3095703125,0.0,0.0,0.0,0.0,0.0,0.0,0.0,0.0,0.0,0.0,0.0,0.0,0.0,0.0,0.0,0.0
healthy_006.npy,healthy,0,0.0,8.734419822692871,8.725200653076172,8.710685729980469,8.728076934814453,8.711369514465332,8.692349433898926,8.721665382385254,8.70246410369873,8.722891807556152,8.70541000366211,8.7179536819458,8.73425006866455,8.708510398864746,8.707710266113281,8.7190580368042,8.310702323913574,0.0,0.0,0.0,0.0,0.0,0.0,0.0,0.0,0.0,0.0,0.0,0.0,0.0,0.0,0.0,0.0
healthy_007.npy,healthy,0,0.0,8.718564987182617,8.71228313446045,8.713869094848633,8.727801322937012,8.722414016723633,8.699980735778809,8.71276569366455,8.713573455810547,8.704251289367676,8.705291748046875,8.71220874786377,8.69134521484375,8.699323654174805,8.723998069763184,8.733707427978516,8.318181037902832,0.0,0.0,0.0,0.0,0.0,0.0,0.0,0.0,0.0,0.0,0.0,0.0,0.0,0.0,0.0,0.0
healthy_008.npy,healthy,0,0.0,8.696850776672363,8.730186462402344,8.709019660949707,8.678536415100098,8.706018447875977,8.71876335144043,8.692354202270508,8.691471099853516,8.708761215209961,8.710286140441895,8.707999229431152,8.707694053649902,8.700155258178711,8.702110290527344,8.688708305358887,8.335498809814453,0.0,0.0,0.0,0.0,0.0,0.0,0.0,0.0,0.0,0.0,0.0,0.0,0.0,0.0,0.0,0.0
healthy_009.npy,healthy,0,0.0,8.727180480957031,8.736895561218262,8.707864761352539,8.732331275939941,8.725557327270508,8.6934232711792,8.731180191040039,8.714295387268066,8.736377716064453,8.701498985290527,8.705010414123535,8.729253768920898,8.706721305847168,8.716560363769531,8.715879440307617,8.29317569732666,0.0,0.0,0.0,0.0,0.0,0.0,0.0,0.0,0.0,0.0,0.0,0.0,0.0,0.0,0.0,0.0
healthy_010.npy,healthy,0,0.0,8.700687408447266,8.711505889892578,8.689414024353027,8.719483375549316,8.704767227172852,8.71484375,8.71876335144043,8.70609188079834,8.687191009521484,8.709532737731934,8.710843086242676,8.699917793273926,8.710891723632812,8.69550609588623,8.713459968566895,8.308199882507324,0.0,0.0,0.0,0.0,0.0,0.0,0.0,0.0,0.0,0.0,0.0,0.0,0.0,0.0,0.0,0.0
healthy_011.npy,healthy,0,0.0,8.715789794921875,8.69267463684082,8.672564506530762,8.7117919921875,8.699760437011719,8.735616683959961,8.706504821777344,8.687704086303711,8.705238342285156,8.707662582397461,8.718135833740234,8.70181655883789,8.728872299194336,8.69826889038086,8.720725059509277,8.325406074523926,0.0,0.0,0.0,0.0,0.0,0.0,0.0,0.0,0.0,0.0,0.0,0.0,0.0,0.0,0.0,0.0
healthy_012.npy,healthy,0,0.0,8.692259788513184,8.710980415344238,8.734977722167969,8.710564613342285,8.716592788696289,8.70034122467041,8.715715408325195,8.703618049621582,8.70687484741211,8.69666576385498,8.725567817687988,8.725095748901367,8.701783180236816,8.728363037109375,8.688680648803711,8.308056831359863,0.0,0.0,0.0,0.0,0.0,0.0,0.0,0.0,0.0,0.0,0.0,0.0,0.0,0.0,0.0,0.0
healthy_013.npy,healthy,0,0.0,8.693947792053223,8.705120086669922,8.715292930603027,8.719079971313477,8.709485054016113,8.71265697479248,8.716828346252441,8.720014572143555,8.716690063476562,8.710442543029785,8.71024227142334,8.744767189025879,8.71566104888916,8.717351913452148,8.712803840637207,8.311196327209473,0.0,0.0,0.0,0.0,0.0,0.0,0.0,0.0,0.0,0.0,0.0,0.0,0.0,0.0,0.0,0.0
healthy_014.npy,healthy,0,0.0,8.691919326782227,8.712388038635254,8.711345672607422,8.713871955871582,8.719135284423828,8.675025939941406,8.703536033630371,8.72283935546875,8.717238426208496,8.699070930480957,8.702433586120605,8.718417167663574,8.721242904663086,8.721824645996094,8.714869499206543,8.296360969543457,0.0,0.0,0.0,0.0,0.0,0.0,0.0,0.0,0.0,0.0,0.0,0.0,0.0,0.0,0.0,0.0
healthy_015.npy,healthy,0,0.0,8.720580101013184,8.716476440429688,8.721277236938477,8.710506439208984,8.7116117477417,8.699061393737793,8.702698707580566,8.721238136291504,8.707932472229004,8.72344970703125,8.720458984375,8.70317554473877,8.698158264160156,8.704814910888672,8.698774337768555,8.307144165039062,0.0,0.0,0.0,0.0,0.0,0.0,0.0,0.0,0.0,0.0,0.0,0.0,0.0,0.0,0.0,0.0
healthy_016.npy,healthy,0,0.0,8.711848258972168,8.719697952270508,8.709576606750488,8.713210105895996,8.703084945678711,8.718405723571777,8.716431617736816,8.690224647521973,8.69523811340332,8.728266716003418,8.712105751037598,8.707636833190918,8.714056968688965,8.698911666870117,8.706388473510742,8.311603546142578,0.0,0.0,0.0,0.0,0.0,0.0,0.0,0.0,0.0,0.0,0.0,0.0,0.0,0.0,0.0,0.0
healthy_017.npy,healthy,0,0.0,8.700416564941406,8.691162109375,8.729528427124023,8.731170654296875,8.729096412658691,8.676884651184082,8.702381134033203,8.712414741516113,8.699716567993164,8.71225643157959,8.716981887817383,8.70224666595459,8.724822998046875,8.716642379760742,8.70359992980957,8.34050464630127,0.0,0.0,0.0,0.0,0.0,0.0,0.0,0.0,0.0,0.0,0.0,0.0,0.0,0.0,0.0,0.0
healthy_018.npy,healthy,0,0.0,8.690966606140137,8.708250999450684,8.715910911560059,8.70633316040039,8.705425262451172,8.671614646911621,8.729290008544922,8.726029396057129,8.718441009521484,8.717669486999512,8.69124984741211,8.708230972290039,8.706974029541016,8.72153091430664,8.730306625366211,8.333905220031738,0.0,0.0,0.0,0.0,0.0,0.0,0.0,0.0,0.0,0.0,0.0,0.0,0.0,0.0,0.0,0.0
healthy_019.npy,healthy,0,0.0,8.706677436828613,8.711748123168945,8.709465026855469,8.711613655090332,8.721475601196289,8.705018997192383,8.717589378356934,8.727258682250977,8.6896390914917,8.730409622192383,8.711878776550293,8.719771385192871,8.718559265136719,8.706439971923828,8.7039213180542,8.30196475982666,0.0,0.0,0.0,0.0,0.0,0.0,0.0,0.0,0.0,0.0,0.0,0.0,0.0,0.0,0.0,0.0
healthy_020.npy,healthy,1,0.037901114253387096,8.707961082458496,8.70730972290039,8.712392807006836,8.688552856445312,8.70677375793457,8.699028015136719,8.703072547912598,8.716752052307129,8.720911026000977,8.721099853515625,8.712892532348633,8.724079132080078,8.727197647094727,8.69631290435791,8.723249435424805,8.327556610107422,0.0,0.0,0.0,0.0,0.0,0.0,0.0,0.0,0.0,0.0,0.0,0.0,0.0,0.0,0.0,0.0
healthy_021.npy,healthy,0,0.0,8.723100662231445,8.724345207214355,8.72979736328125,8.72158145904541,8.707387924194336,8.725857734680176,8.733076095581055,8.712715148925781,8.722311019897461,8.698630332946777,8.68995475769043,8.71466064453125,8.694195747375488,8.713040351867676,8.700997352600098,8.312236785888672,0.0,0.0,0.0,0.0,0.0,0.0,0.0,0.0,0.0,0.0,0.0,0.0,0.0,0.0,0.0,0.0
healthy_022.npy,healthy,0,0.0,8.707581520080566,8.706256866455078,8.702401161193848,8.706880569458008,8.733983993530273,8.716347694396973,8.720348358154297,8.690731048583984,8.689312934875488,8.700860023498535,8.689937591552734,8.717415809631348,8.72216510772705,8.696800231933594,8.694809913635254,8.338979721069336,0.0,0.0,0.0,0.0,0.0,0.0,0.0,0.0,0.0,0.0,0.0,0.0,0.0,0.0,0.0,0.0
healthy_023.npy,healthy,1,0.027225146820719595,8.698320388793945,8.721250534057617,8.70225715637207,8.720776557922363,8.707798957824707,8.694507598876953,8.732511520385742,8.714223861694336,8.704352378845215,8.706031799316406,8.712366104125977,8.694812774658203,8.724812507629395,8.736501693725586,8.710060119628906,8.31444263458252,0.0,0.0,0.0,0.0,0.0,0.0,0.0,0.0,0.0,0.0,0.0,0.0,0.0,0.0,0.0,0.0
healthy_024.npy,healthy,0,0.0,8.68736743927002,8.709526062011719,8.72081184387207,8.716651916503906,8.697355270385742,8.714482307434082,8.69926929473877,8.695565223693848,8.69429874420166,8.720087051391602,8.704090118408203,8.733309745788574,8.728671073913574,8.708821296691895,8.713683128356934,8.310250282287598,0.0,0.0,0.0,0.0,0.0,0.0,0.0,0.0,0.0,0.0,0.0,0.0,0.0,0.0,0.0,0.0
healthy_025.npy,healthy,0,0.0,8.722829818725586,8.69975757598877,8.696614265441895,8.716509819030762,8.716208457946777,8.719701766967773,8.685068130493164,8.717498779296875,8.71023178100586,8.700886726379395,8.7191801071167,8.697352409362793,8.727675437927246,8.665989875793457,8.7233304977417,8.324538230895996,0.0,0.0,0.0,0.0,0.0,0.0,0.0,0.0,0.0,0.0,0.0,0.0,0.0,0.0,0.0,0.0
healthy_026.npy,healthy,0,0.0,8.687712669372559,8.727923393249512,8.728326797485352,8.706094741821289,8.721953392028809,8.71739387512207,8.718574523925781,8.698643684387207,8.708160400390625,8.70363712310791,8.712065696716309,8.710539817810059,8.715538024902344,8.721196174621582,8.714092254638672,8.283384323120117,0.0,0.0,0.0,0.0,0.0,0.0,0.0,0.0,0.0,0.0,0.0,0.0,0.0,0.0,0.0,0.0
healthy_027.npy,healthy,0,0.0,8.696659088134766,8.724513053894043,8.724668502807617,8.705949783325195,8.684958457946777,8.725170135498047,8.710565567016602,8.715660095214844,8.738167762756348,8.71861457824707,8.727433204650879,8.707427024841309,8.71609115600586,8.737174987792969,8.697073936462402,8.3212251663208,0.0,0.0,0.0,0.0,0.0,0.0,0.0,0.0,0.0,0.0,0.0,0.0,0.0,0.0,0.0,0.0
healthy_028.npy,healthy,0,0.0,8.710556983947754,8.711709022521973,8.718232154846191,8.725418090820312,8.709932327270508,8.730063438415527,8.739683151245117,8.710561752319336,8.686840057373047,8.700511932373047,8.689719200134277,8.705689430236816,8.704363822937012,8.721697807312012,8.674234390258789,8.295989036560059,0.0,0.0,0.0,0.0,0.0,0.0,0.0,0.0,0.0,0.0,0.0,0.0,0.0,0.0,0.0,0.0
healthy_029.npy,healthy,0,0.0,8.705968856811523,8.719443321228027,8.71623420715332,8.693532943725586,8.709440231323242,8.700342178344727,8.7107572555542,8.72217082977295,8.712457656860352,8.70372486114502,8.721112251281738,8.724320411682129,8.710021018981934,8.722238540649414,8.707989692687988,8.311678886413574,0.0,0.0,0.0,0.0,0.0,0.0,0.0,0.0,0.0,0.0,0.0,0.0,0.0,0.0,0.0,0.0
healthy_030.npy,healthy,0,0.0,8.717113494873047,8.707721710205078,8.725589752197266,8.725541114807129,8.69178295135498,8.718995094299316,8.720246315002441,8.700613975524902,8.69724178314209,8.717371940612793,8.710700988769531,8.685314178466797,8.69034481048584,8.7267427444458,8.714914321899414,8.309826850891113,0.0,0.0,0.0,0.0,0.0,0.0,0.0,0.0,0.0,0.0,0.0,0.0,0.0,0.0,0.0,0.0
healthy_031.npy,healthy,0,0.0,8.707646369934082,8.709571838378906,8.71272087097168,8.722325325012207,8.705434799194336,8.704434394836426,8.697698593139648,8.704727172851562,8.710853576660156,8.70736312866211,8.69780158996582,8.686155319213867,8.709768295288086,8.704327583312988,8.71442985534668,8.320638656616211,0.0,0.0,0.0,0.0,0.0,0.0,0.0,0.0,0.0,0.0,0.0,0.0,0.0,0.0,0.0,0.0
healthy_032.npy,healthy,0,0.0,8.67184066772461,8.7288179397583,8.723243713378906,8.722478866577148,8.697208404541016,8.710722923278809,8.705474853515625,8.728833198547363,8.701706886291504,8.71165657043457,8.667086601257324,8.753056526184082,8.715083122253418,8.708849906921387,8.694437026977539,8.333840370178223,0.0,0.0,0.0,0.0,0.0,0.0,0.0,0.0,0.0,0.0,0.0,0.0,0.0,0.0,0.0,0.0
healthy_033.npy,healthy,0,0.0,8.707159996032715,8.728450775146484,8.718767166137695,8.699017524719238,8.699736595153809,8.706890106201172,8.732773780822754,8.701571464538574,8.711099624633789,8.681031227111816,8.702107429504395,8.732673645019531,8.694469451904297,8.69364070892334,8.715425491333008,8.314712524414062,0.0,0.0,0.0,0.0,0.0,0.0,0.0,0.0,0.0,0.0,0.0,0.0,0.0,0.0,0.0,0.0
healthy_034.npy,healthy,0,0.0,8.700052261352539,8.70733642578125,8.690702438354492,8.715680122375488,8.710116386413574,8.70565414428711,8.708093643188477,8.698494911193848,8.697805404663086,8.690156936645508,8.714696884155273,8.697514533996582,8.709763526916504,8.709851264953613,8.72071647644043,8.301403045654297,0.0,0.0,0.0,0.0,0.0,0.0,0.0,0.0,0.0,0.0,0.0,0.0,0.0,0.0,0.0,0.0
healthy_035.npy,healthy,0,0.0,8.701584815979004,8.722536087036133,8.693901062011719,8.715291976928711,8.726292610168457,8.732446670532227,8.703652381896973,8.710766792297363,8.724510192871094,8.693442344665527,8.69890308380127,8.700048446655273,8.686809539794922,8.713525772094727,8.733482360839844,8.347475051879883,0.0,0.0,0.0,0.0,0.0,0.0,0.0,0.0,0.0,0.0,0.0,0.0,0.0,0.0,0.0,0.0
healthy_036.npy,healthy,0,0.0,8.701436042785645,8.697985649108887,8.692867279052734,8.70867919921875,8.729990005493164,8.699304580688477,8.717447280883789,8.714689254760742,8.726170539855957,8.7151460647583,8.70379638671875,8.703763961791992,8.712949752807617,8.714516639709473,8.715372085571289,8.302080154418945,0.0,0.0,0.0,0.0,0.0,0.0,0.0,0.0,0.0,0.0,0.0,0.0,0.0,0.0,0.0,0.0
healthy_037.npy,healthy,0,0.0,8.70442008972168,8.738157272338867,8.714043617248535,8.704479217529297,8.72143268585205,8.710421562194824,8.683262825012207,8.712349891662598,8.690064430236816,8.710237503051758,8.715714454650879,8.7283353805542,8.708282470703125,8.717399597167969,8.73115062713623,8.323787689208984,0.0,0.0,0.0,0.0,0.0,0.0,0.0,0.0,0.0,0.0,0.0,0.0,0.0,0.0,0.0,0.0
healthy_038.npy,healthy,0,0.0,8.709904670715332,8.71038818359375,8.691109657287598,8.72486400604248,8.713111877441406,8.72386646270752,8.723607063293457,8.700801849365234,8.706888198852539,8.683955192565918,8.712738990783691,8.718597412109375,8.692167282104492,8.698125839233398,8.699647903442383,8.337976455688477,0.0,0.0,0.0,0.0,0.0,0.0,0.0,0.0,0.0,0.0,0.0,0.0,0.0,0.0,0.0,0.0
healthy_039.npy,healthy,1,0.039810080184600645,8.706212043762207,8.741451263427734,8.720030784606934,8.703286170959473,8.724072456359863,8.743971824645996,8.711060523986816,8.71252155303955,8.713404655456543,8.706086158752441,8.69643497467041,8.686277389526367,8.735794067382812,8.699397087097168,8.697640419006348,8.31638240814209,0.0,0.0,0.0,0.0,0.0,0.0,0.0,0.0,0.0,0.0,0.0,0.0,0.0,0.0,0.0,0.0
crack_initiation_000.npy,crack_initiation,2,0.20160953378960345,8.720943450927734,8.7123384475708,8.706461906433105,8.721744537353516,8.844294548034668,8.70678424835205,8.696599006652832,8.71851921081543,8.704507827758789,8.721277236938477,8.737685203552246,8.713781356811523,8.71223258972168,8.71789264678955,8.705769538879395,8.333016395568848,0.0,0.0,0.0,0.0,0.0,0.0,0.0,0.0,0.0,0.0,0.0,0.0,0.0,0.0,0.0,0.0
crack_initiation_001.npy,crack_initiation,0,0.0,8.722895622253418,8.709624290466309,8.705985069274902,8.71706771850586,8.701436042785645,8.717328071594238,8.721446990966797,8.710174560546875,8.699292182922363,8.724547386169434,8.703348159790039,8.723402976989746,8.715208053588867,8.711668014526367,8.703295707702637,8.311979293823242,0.0,0.0,0.0,0.0,0.0,0.0,0.0,0.0,0.0,0.0,0.0,0.0,0.0,0.0,0.0,0.0
crack_initiation_002.npy,crack_initiation,0,0.0,8.709358215332031,8.734291076660156,8.702942848205566,8.687520980834961,8.717058181762695,8.72397232055664,8.693832397460938,8.702615737915039,8.719537734985352,8.686779975891113,8.710883140563965,8.701863288879395,8.72319221496582,8.708383560180664,8.700241088867188,8.304588317871094,0.0,0.0,0.0,0.0,0.0,0.0,0.0,0.0,0.0,0.0,0.0,0.0,0.0,0.0,0.0,0.0
crack_initiation_003.npy,crack_initiation,1,0.19665248875252606,8.704765319824219,8.698881149291992,8.738052368164062,8.744750022888184,8.774555206298828,8.694234848022461,8.699261665344238,8.705803871154785,8.723319053649902,8.702367782592773,8.702930450439453,8.691516876220703,8.69095516204834,8.70789623260498,8.722201347351074,8.338066101074219,0.0,0.0,0.0,0.0,0.0,0.0,0.0,0.0,0.0,0.0,0.0,0.0,0.0,0.0,0.0,0.0
crack_initiation_004.npy,crack_initiation,0,0.0,8.691452980041504,8.709328651428223,8.723322868347168,8.708305358886719,8.704504013061523,8.720672607421875,8.707327842712402,8.695982933044434,8.712985038757324,8.704559326171875,8.720444679260254,8.721633911132812,8.714667320251465,8.712849617004395,8.70377254486084,8.315874099731445,0.0,0.0,0.0,0.0,0.0,0.0,0.0,0.0,0.0,0.0,0.0,0.0,0.0,0.0,0.0,0.0
crack_initiation_005.npy,crack_initiation,1,0.18095698436031332,8.706605911254883,8.710295677185059,8.72056770324707,8.70618724822998,8.734720230102539,8.716971397399902,8.72392749786377,8.69905948638916,8.74102783203125,8.708442687988281,8.693143844604492,8.692510604858398,8.694698333740234,8.709200859069824,8.710698127746582,8.302753448486328,0.0,0.0,0.0,0.0,0.0,0.0,0.0,0.0,0.0,0.0,0.0,0.0,0.0,0.0,0.0,0.0
crack_initiation_006.npy,crack_initiation,1,0.1406795916921573,8.705941200256348,8.702492713928223,8.711665153503418,8.69829273223877,8.77884578704834,8.73781967163086,8.711320877075195,8.714510917663574,8.696768760681152,8.702595710754395,8.705655097961426,8.70088005065918,8.720250129699707,8.719712257385254,8.717141151428223,8.314508438110352,0.0,0.0,0.0,0.0,0.0,0.0,0.0,0.0,0.0,0.0,0.0,0.0,0.0,0.0,0.0,0.0
crack_initiation_007.npy,crack_initiation,1,0.17112950477624497,8.722684860229492,8.720064163208008,8.700057983398438,8.730494499206543,8.76215934753418,8.734723091125488,8.699926376342773,8.72247314453125,8.717123985290527,8.71021556854248,8.71199893951416,8.69330883026123,8.71374225616455,8.710123062133789,8.72304630279541,8.31175708770752,0.0,0.0,0.0,0.0,0.0,0.0,0.0,0.0,0.0,0.0,0.0,0.0,0.0,0.0,0.0,0.0
crack_initiation_008.npy,crack_initiation,1,0.13742816240375091,8.70051383972168,8.692696571350098,8.69788646697998,8.722696304321289,8.716230392456055,8.722990036010742,8.70870304107666,8.685589790344238,8.710588455200195,8.70748233795166,8.720473289489746,8.70215892791748,8.701451301574707,8.730073928833008,8.710563659667969,8.294469833374023,0.0,0.0,0.0,0.0,0.0,0.0,0.0,0.0,0.0,0.0,0.0,0.0,0.0,0.0,0.0,0.0
crack_initiation_009.npy,crack_initiation,1,0.14648727728783528,8.696662902832031,8.721017837524414,8.716436386108398,8.712209701538086,8.739079475402832,8.734452247619629,8.720894813537598,8.681159019470215,8.706790924072266,8.700345039367676,8.711030960083008,8.689600944519043,8.684829711914062,8.712026596069336,8.680013656616211,8.326814651489258,0.0,0.0,0.0,0.0,0.0,0.0,0.0,0.0,0.0,0.0,0.0,0.0,0.0,0.0,0.0,0.0
crack_initiation_010.npy,crack_initiation,0,0.0,8.705367088317871,8.695378303527832,8.718917846679688,8.708420753479004,8.726248741149902,8.719518661499023,8.72608470916748,8.726522445678711,8.724725723266602,8.71273136138916,8.713908195495605,8.677613258361816,8.724474906921387,8.693979263305664,8.701422691345215,8.286673545837402,0.0,0.0,0.0,0.0,0.0,0.0,0.0,0.0,0.0,0.0,0.0,0.0,0.0,0.0,0.0,0.0
crack_initiation_011.npy,crack_initiation,2,0.21882236833899243,8.7174072265625,8.74145793914795,8.711774826049805,8.73586368560791,8.881954193115234,8.714644432067871,8.711934089660645,8.73294448852539,8.724929809570312,8.724491119384766,8.722172737121582,8.707468032836914,8.70309066772461,8.702174186706543,8.724457740783691,8.319029808044434,0.0,0.0,0.0,0.0,0.0,0.0,0.0,0.0,0.0,0.0,0.0,0.0,0.0,0.0,0.0,0.0
crack_initiation_012.npy,crack_initiation,0,0.0,8.72096061706543,8.691250801086426,8.684629440307617,8.706293106079102,8.717310905456543,8.697270393371582,8.721271514892578,8.690176963806152,8.712878227233887,8.723694801330566,8.708428382873535,8.711822509765625,8.713671684265137,8.717325210571289,8.695085525512695,8.308149337768555,0.0,0.0,0.0,0.0,0.0,0.0,0.0,0.0,0.0,0.0,0.0,0.0,0.0,0.0,0.0,0.0
crack_initiation_013.npy,crack_initiation,0,0.0,8.696885108947754,8.69020938873291,8.700647354125977,8.70199966430664,8.739725112915039,8.71727180480957,8.70004653930664,8.681568145751953,8.701445579528809,8.731249809265137,8.707816123962402,8.697002410888672,8.710783004760742,8.722296714782715,8.730340003967285,8.32663631439209,0.0,0.0,0.0,0.0,0.0,0.0,0.0,0.0,0.0,0.0,0.0,0.0,0.0,0.0,0.0,0.0
crack_initiation_014.npy,crack_initiation,0,0.0,8.72485637664795,8.729706764221191,8.72819709777832,8.69741153717041,8.719264030456543,8.723676681518555,8.703384399414062,8.71398639678955,8.719826698303223,8.718536376953125,8.714308738708496,8.681659698486328,8.684160232543945,8.710384368896484,8.711355209350586,8.323806762695312,0.0,0.0,0.0,0.0,0.0,0.0,0.0,0.0,0.0,0.0,0.0,0.0,0.0,0.0,0.0,0.0
crack_initiation_015.npy,crack_initiation,2,0.19456941483202234,8.716034889221191,8.72181224822998,8.694418907165527,8.720426559448242,8.786190032958984,8.71250057220459,8.70376968383789,8.71783447265625,8.708351135253906,8.735311508178711,8.726627349853516,8.693192481994629,8.70732307434082,8.732434272766113,8.696008682250977,8.344654083251953,0.0,0.0,0.0,0.0,0.0,0.0,0.0,0.0,0.0,0.0,0.0,0.0,0.0,0.0,0.0,0.0
crack_initiation_016.npy,crack_initiation,1,0.17501491604410224,8.726593971252441,8.706212043762207,8.71287727355957,8.6996431350708,8.803787231445312,8.729228973388672,8.71447467803955,8.722387313842773,8.7146577835083,8.689324378967285,8.71324348449707,8.699036598205566,8.72440242767334,8.717053413391113,8.691411018371582,8.310370445251465,0.0,0.0,0.0,0.0,0.0,0.0,0.0,0.0,0.0,0.0,0.0,0.0,0.0,0.0,0.0,0.0
crack_initiation_017.npy,crack_initiation,1,0.09939820931198665,8.710748672485352,8.718805313110352,8.688100814819336,8.705572128295898,8.728171348571777,8.680496215820312,8.735701560974121,8.74764347076416,8.713400840759277,8.71651840209961,8.710697174072266,8.682400703430176,8.693699836730957,8.702241897583008,8.73266315460205,8.2885160446167,0.0,0.0,0.0,0.0,0.0,0.0,0.0,0.0,0.0,0.0,0.0,0.0,0.0,0.0,0.0,0.0
crack_initiation_018.npy,crack_initiation,0,0.0,8.727008819580078,8.708378791809082,8.709388732910156,8.717818260192871,8.737446784973145,8.695751190185547,8.72883415222168,8.709403038024902,8.718153953552246,8.723280906677246,8.716233253479004,8.737696647644043,8.703512191772461,8.702013969421387,8.712575912475586,8.313822746276855,0.0,0.0,0.0,0.0,0.0,0.0,0.0,0.0,0.0,0.0,0.0,0.0,0.0,0.0,0.0,0.0
crack_initiation_019.npy,crack_initiation,0,0.0,8.706575393676758,8.725961685180664,8.735878944396973,8.70773696899414,8.707127571105957,8.699810028076172,8.696240425109863,8.719097137451172,8.721280097961426,8.69070053100586,8.72314739227295,8.726667404174805,8.713467597961426,8.69612979888916,8.703827857971191,8.311104774475098,0.0,0.0,0.0,0.0,0.0,0.0,0.0,0.0,0.0,0.0,0.0,0.0,0.0,0.0,0.0,0.0
crack_initiation_020.npy,crack_initiation,0,0.0,8.714627265930176,8.7153959274292,8.732468605041504,8.696352005004883,8.724440574645996,8.695006370544434,8.699974060058594,8.699275970458984,8.704657554626465,8.690881729125977,8.700779914855957,8.721902847290039,8.70673656463623,8.708331108093262,8.707161903381348,8.34565544128418,0.0,0.0,0.0,0.0,0.0,0.0,0.0,0.0,0.0,0.0,0.0,0.0,0.0,0.0,0.0,0.0
crack_initiation_021.npy,crack_initiation,0,0.0,8.704582214355469,8.719195365905762,8.70853042602539,8.72205638885498,8.691584587097168,8.712569236755371,8.687736511230469,8.717796325683594,8.725066184997559,8.7283935546875,8.70666790008545,8.72689151763916,8.723360061645508,8.703592300415039,8.726298332214355,8.307744026184082,0.0,0.0,0.0,0.0,0.0,0.0,0.0,0.0,0.0,0.0,0.0,0.0,0.0,0.0,0.0,0.0
crack_initiation_022.npy,crack_initiation,1,0.20421592351186457,8.69002914428711,8.711952209472656,8.725841522216797,8.735420227050781,8.759275436401367,8.686755180358887,8.706412315368652,8.719279289245605,8.71739673614502,8.713624954223633,8.699374198913574,8.735956192016602,8.69585132598877,8.722421646118164,8.733360290527344,8.33001708984375,0.0,0.0,0.0,0.0,0.0,0.0,0.0,0.0,0.0,0.0,0.0,0.0,0.0,0.0,0.0,0.0
crack_initiation_023.npy,crack_initiation,0,0.0,8.687666893005371,8.700021743774414,8.6951904296875,8.714251518249512,8.716914176940918,8.706401824951172,8.719951629638672,8.723859786987305,8.702340126037598,8.718080520629883,8.706831932067871,8.718733787536621,8.690204620361328,8.717779159545898,8.71468734741211,8.317696571350098,0.0,0.0,0.0,0.0,0.0,0.0,0.0,0.0,0.0,0.0,0.0,0.0,0.0,0.0,0.0,0.0
crack_initiation_024.npy,crack_initiation,0,0.0,8.715778350830078,8.728835105895996,8.711801528930664,8.689239501953125,8.704736709594727,8.679377555847168,8.721991539001465,8.695188522338867,8.70924186706543,8.70950984954834,8.701382637023926,8.725130081176758,8.698332786560059,8.72038459777832,8.703588485717773,8.316710472106934,0.0,0.0,0.0,0.0,0.0,0.0,0.0,0.0,0.0,0.0,0.0,0.0,0.0,0.0,0.0,0.0
crack_initiation_025.npy,crack_initiation,2,0.22954100474060884,8.724089622497559,8.702255249023438,8.716487884521484,8.772778511047363,8.861737251281738,8.740764617919922,8.702350616455078,8.737835884094238,8.70433521270752,8.701112747192383,8.699151992797852,8.705583572387695,8.71423053741455,8.710453987121582,8.699224472045898,8.334794998168945,0.0,0.0,0.0,0.0,0.0,0.0,0.0,0.0,0.0,0.0,0.0,0.0,0.0,0.0,0.0,0.0
crack_initiation_026.npy,crack_initiation,1,0.08475286515530524,8.68990707397461,8.716337203979492,8.70259952545166,8.705036163330078,8.72842025756836,8.68714427947998,8.717686653137207,8.728105545043945,8.72383975982666,8.696879386901855,8.716617584228516,8.6842622756958,8.730460166931152,8.737659454345703,8.693537712097168,8.2965087890625,0.0,0.0,0.0,0.0,0.0,0.0,0.0,0.0,0.0,0.0,0.0,0.0,0.0,0.0,0.0,0.0
crack_initiation_027.npy,crack_initiation,2,0.1657896409058084,8.716814994812012,8.717657089233398,8.682668685913086,8.721942901611328,8.722312927246094,8.726881980895996,8.740615844726562,8.734424591064453,8.690874099731445,8.701947212219238,8.713021278381348,8.700848579406738,8.716140747070312,8.690746307373047,8.706693649291992,8.31727123260498,0.0,0.0,0.0,0.0,0.0,0.0,0.0,0.0,0.0,0.0,0.0,0.0,0.0,0.0,0.0,0.0
crack_initiation_028.npy,crack_initiation,0,0.0,8.711199760437012,8.709553718566895,8.70487117767334,8.711592674255371,8.691911697387695,8.70704174041748,8.728482246398926,8.704543113708496,8.709870338439941,8.720039367675781,8.732025146484375,8.688283920288086,8.708313941955566,8.724407196044922,8.66396427154541,8.307140350341797,0.0,0.0,0.0,0.0,0.0,0.0,0.0,0.0,0.0,0.0,0.0,0.0,0.0,0.0,0.0,0.0
crack_initiation_029.npy,crack_initiation,0,0.0,8.731566429138184,8.717841148376465,8.702617645263672,8.709733009338379,8.71146297454834,8.711652755737305,8.718537330627441,8.707441329956055,8.731045722961426,8.702224731445312,8.734977722167969,8.702669143676758,8.731499671936035,8.719810485839844,8.711899757385254,8.315091133117676,0.0,0.0,0.0,0.0,0.0,0.0,0.0,0.0,0.0,0.0,0.0,0.0,0.0,0.0,0.0,0.0
crack_initiation_030.npy,crack_initiation,1,0.08922207873761293,8.694689750671387,8.71471881866455,8.713311195373535,8.693795204162598,8.742057800292969,8.70947551727295,8.688802719116211,8.696155548095703,8.715300559997559,8.719745635986328,8.71854305267334,8.720321655273438,8.714324951171875,8.717273712158203,8.703500747680664,8.322931289672852,0.0,0.0,0.0,0.0,0.0,0.0,0.0,0.0,0.0,0.0,0.0,0.0,0.0,0.0,0.0,0.0
crack_initiation_031.npy,crack_initiation,0,0.0,8.695013046264648,8.714284896850586,8.705535888671875,8.713271141052246,8.7106351852417,8.705275535583496,8.724230766296387,8.738516807556152,8.748711585998535,8.700240135192871,8.691933631896973,8.722795486450195,8.731281280517578,8.700613021850586,8.732425689697266,8.316718101501465,0.0,0.0,0.0,0.0,0.0,0.0,0.0,0.0,0.0,0.0,0.0,0.0,0.0,0.0,0.0,0.0
crack_initiation_032.npy,crack_initiation,0,0.0,8.708893775939941,8.683384895324707,8.715799331665039,8.704419136047363,8.718443870544434,8.70296859741211,8.710193634033203,8.720019340515137,8.718091011047363,8.713544845581055,8.700175285339355,8.72324275970459,8.734476089477539,8.70494556427002,8.718688011169434,8.317983627319336,0.0,0.0,0.0,0.0,0.0,0.0,0.0,0.0,0.0,0.0,0.0,0.0,0.0,0.0,0.0,0.0
crack_initiation_033.npy,crack_initiation,0,0.0,8.7267427444458,8.707540512084961,8.726461410522461,8.725215911865234,8.69135570526123,8.71300983428955,8.687097549438477,8.714035987854004,8.699825286865234,8.699064254760742,8.697749137878418,8.707398414611816,8.704005241394043,8.686223983764648,8.70348834991455,8.299736976623535,0.0,0.0,0.0,0.0,0.0,0.0,0.0,0.0,0.0,0.0,0.0,0.0,0.0,0.0,0.0,0.0
crack_initiation_034.npy,crack_initiation,1,0.21432497933808353,8.69981575012207,8.696609497070312,8.709014892578125,8.716788291931152,8.789056777954102,8.726160049438477,8.727241516113281,8.709084510803223,8.713932991027832,8.699512481689453,8.717114448547363,8.698899269104004,8.725507736206055,8.708723068237305,8.70909309387207,8.306410789489746,0.0,0.0,0.0,0.0,0.0,0.0,0.0,0.0,0.0,0.0,0.0,0.0,0.0,0.0,0.0,0.0
crack_initiation_035.npy,crack_initiation,1,0.20993055807529415,8.716754913330078,8.72918701171875,8.711831092834473,8.733327865600586,8.746148109436035,8.71651554107666,8.70736026763916,8.697915077209473,8.715757369995117,8.715847969055176,8.715666770935059,8.697104454040527,8.719472885131836,8.710249900817871,8.706080436706543,8.317034721374512,0.0,0.0,0.0,0.0,0.0,0.0,0.0,0.0,0.0,0.0,0.0,0.0,0.0,0.0,0.0,0.0
crack_initiation_036.npy,crack_initiation,0,0.0,8.714369773864746,8.726298332214355,8.710805892944336,8.710765838623047,8.712451934814453,8.709214210510254,8.691373825073242,8.708377838134766,8.705572128295898,8.731457710266113,8.702230453491211,8.703414916992188,8.70193862915039,8.733840942382812,8.722829818725586,8.313878059387207,0.0,0.0,0.0,0.0,0.0,0.0,0.0,0.0,0.0,0.0,0.0,0.0,0.0,0.0,0.0,0.0
crack_initiation_037.npy,crack_initiation,1,0.13877616808879883,8.71017837524414,8.713489532470703,8.690742492675781,8.738065719604492,8.743904113769531,8.702011108398438,8.70730972290039,8.697537422180176,8.705394744873047,8.70319938659668,8.690347671508789,8.692731857299805,8.70168685913086,8.725360870361328,8.708927154541016,8.332206726074219,0.0,0.0,0.0,0.0,0.0,0.0,0.0,0.0,0.0,0.0,0.0,0.0,0.0,0.0,0.0,0.0
crack_initiation_038.npy,crack_initiation,0,0.0,8.70607852935791,8.711640357971191,8.71394157409668,8.685564041137695,8.729056358337402,8.722393989562988,8.697001457214355,8.745196342468262,8.698386192321777,8.712212562561035,8.715059280395508,8.716361045837402,8.708134651184082,8.70193099975586,8.719438552856445,8.289920806884766,0.0,0.0,0.0,0.0,0.0,0.0,0.0,0.0,0.0,0.0,0.0,0.0,0.0,0.0,0.0,0.0
crack_initiation_039.npy,crack_initiation,2,0.24363445919936738,8.711795806884766,8.717698097229004,8.708871841430664,8.735790252685547,8.842733383178711,8.708816528320312,8.708629608154297,8.733539581298828,8.717973709106445,8.697360038757324,8.714574813842773,8.700684547424316,8.703973770141602,8.700169563293457,8.703509330749512,8.316208839416504,0.0,0.0,0.0,0.0,0.0,0.0,0.0,0.0,0.0,0.0,0.0,0.0,0.0,0.0,0.0,0.0
crack_growth_000.npy,crack_growth,2,0.3417526871423091,8.735549926757812,8.726841926574707,8.729329109191895,8.777894973754883,8.861879348754883,8.740762710571289,8.725879669189453,8.703454971313477,8.724428176879883,8.690673828125,8.711946487426758,8.71599292755127,8.679678916931152,8.707624435424805,8.712804794311523,8.274879455566406,0.0,0.0,0.0,0.0,0.0,0.0,0.0,0.0,0.0,0.0,0.0,0.0,0.0,0.0,0.0,0.0
crack_growth_001.npy,crack_growth,4,0.8088757263801387,8.732938766479492,8.776965141296387,8.793794631958008,9.110562324523926,9.617982864379883,8.833126068115234,8.736029624938965,8.745347023010254,8.701312065124512,8.71492862701416,8.694743156433105,8.71678638458252,8.725968360900879,8.725279808044434,8.710145950317383,8.305295944213867,0.0,0.0,0.0,0.0,0.0,0.0,0.0,0.0,0.0,0.0,0.0,0.0,0.0,0.0,0.0,0.0
crack_growth_002.npy,crack_growth,1,0.2690540767077828,8.7238187789917,8.722891807556152,8.7310209274292,8.752059936523438,8.835317611694336,8.720224380493164,8.726985931396484,8.709217071533203,8.722052574157715,8.707344055175781,8.713629722595215,8.72985553741455,8.704484939575195,8.711012840270996,8.690666198730469,8.291962623596191,0.0,0.0,0.0,0.0,0.0,0.0,0.0,0.0,0.0,0.0,0.0,0.0,0.0,0.0,0.0,0.0
crack_growth_003.npy,crack_growth,4,0.5023261828772752,8.728610038757324,8.713478088378906,8.782449722290039,8.931934356689453,9.299138069152832,8.757969856262207,8.71629810333252,8.716265678405762,8.70412826538086,8.720701217651367,8.722582817077637,8.690483093261719,8.717905044555664,8.701924324035645,8.710321426391602,8.286372184753418,0.0,0.0,0.0,0.0,0.0,0.0,0.0,0.0,0.0,0.0,0.0,0.0,0.0,0.0,0.0,0.0
crack_growth_004.npy,crack_growth,1,0.6845957801574829,8.719154357910156,8.723892211914062,8.772316932678223,8.883088111877441,9.239048957824707,8.788335800170898,8.717632293701172,8.679165840148926,8.714971542358398,8.706990242004395,8.709836959838867,8.72307014465332,8.723755836486816,8.698932647705078,8.682974815368652,8.305949211120605,0.0,0.0,0.0,0.0,0.0,0.0,0.0,0.0,0.0,0.0,0.0,0.0,0.0,0.0,0.0,0.0
crack_growth_005.npy,crack_growth,2,0.6987078795857902,8.732059478759766,8.731191635131836,8.751938819885254,8.960731506347656,9.248431205749512,8.73959732055664,8.718180656433105,8.70112133026123,8.68797492980957,8.706343650817871,8.721854209899902,8.705484390258789,8.729325294494629,8.69981575012207,8.704554557800293,8.29842472076416,0.0,0.0,0.0,0.0,0.0,0.0,0.0,0.0,0.0,0.0,0.0,0.0,0.0,0.0,0.0,0.0
crack_growth_006.npy,crack_growth,4,0.8377741023533971,8.761452674865723,8.787248611450195,8.836986541748047,9.220481872558594,9.802096366882324,8.863895416259766,8.763473510742188,8.7344331741333,8.726720809936523,8.70698356628418,8.727770805358887,8.697028160095215,8.709614753723145,8.699906349182129,8.727806091308594,8.290769577026367,0.0,0.0,0.0,0.0,0.0,0.0,0.0,0.0,0.0,0.0,0.0,0.0,0.0,0.0,0.0,0.0
crack_growth_007.npy,crack_growth,2,0.45259719377630236,8.720141410827637,8.765348434448242,8.7428617477417,8.820810317993164,9.036800384521484,8.765164375305176,8.747466087341309,8.700211524963379,8.721384048461914,8.700545310974121,8.727203369140625,8.680583953857422,8.699509620666504,8.710070610046387,8.710517883300781,8.31324291229248,0.0,0.0,0.0,0.0,0.0,0.0,0.0,0.0,0.0,0.0,0.0,0.0,0.0,0.0,0.0,0.0
crack_growth_008.npy,crack_growth,2,0.5998579891338798,8.721639633178711,8.746295928955078,8.750080108642578,8.915325164794922,9.260516166687012,8.768881797790527,8.721833229064941,8.690842628479004,8.716543197631836,8.709897994995117,8.714004516601562,8.715371131896973,8.72850227355957,8.718308448791504,8.711214065551758,8.33379077911377,0.0,0.0,0.0,0.0,0.0,0.0,0.0,0.0,0.0,0.0,0.0,0.0,0.0,0.0,0.0,0.0
crack_growth_009.npy,crack_growth,4,0.7791603307105164,8.767653465270996,8.775800704956055,8.825546264648438,9.185091972351074,9.603570938110352,8.869829177856445,8.75656509399414,8.724848747253418,8.729177474975586,8.719059944152832,8.699197769165039,8.723483085632324,8.732209205627441,8.69992733001709,8.711986541748047,8.273807525634766,0.0,0.0,0.0,0.0,0.0,0.0,0.0,0.0,0.0,0.0,0.0,0.0,0.0,0.0,0.0,0.0
crack_growth_010.npy,crack_growth,1,0.560551463193256,8.74268913269043,8.70948314666748,8.73752498626709,8.847225189208984,9.102367401123047,8.747991561889648,8.722846984863281,8.723113059997559,8.713628768920898,8.696879386901855,8.723701477050781,8.72309398651123,8.717333793640137,8.713178634643555,8.713863372802734,8.312360763549805,0.0,0.0,0.0,0.0,0.0,0.0,0.0,0.0,0.0,0.0,0.0,0.0,0.0,0.0,0.0,0.0
crack_growth_011.npy,crack_growth,1,0.3521851581000172,8.725048065185547,8.719428062438965,8.724276542663574,8.790963172912598,8.957284927368164,8.713757514953613,8.709254264831543,8.707045555114746,8.710681915283203,8.703347206115723,8.729574203491211,8.68920612335205,8.713711738586426,8.712278366088867,8.751448631286621,8.290236473083496,0.0,0.0,0.0,0.0,0.0,0.0,0.0,0.0,0.0,0.0,0.0,0.0,0.0,0.0,0.0,0.0
crack_growth_012.npy,crack_growth,4,0.8998813621155886,8.780381202697754,8.801334381103516,8.881828308105469,9.276541709899902,9.779690742492676,8.939942359924316,8.758624076843262,8.734594345092773,8.73420238494873,8.706863403320312,8.730542182922363,8.72485065460205,8.69558334350586,8.722992897033691,8.700753211975098,8.312833786010742,0.0,0.0,0.0,0.0,0.0,0.0,0.0,0.0,0.0,0.0,0.0,0.0,0.0,0.0,0.0,0.0
crack_growth_013.npy,crack_growth,5,0.8975871109925486,8.782596588134766,8.805047035217285,8.865325927734375,9.237566947937012,9.806720733642578,8.894779205322266,8.766777992248535,8.727365493774414,8.717151641845703,8.721495628356934,8.705239295959473,8.717923164367676,8.704145431518555,8.70503044128418,8.705759048461914,8.308948516845703,0.0,0.0,0.0,0.0,0.0,0.0,0.0,0.0,0.0,0.0,0.0,0.0,0.0,0.0,0.0,0.0
crack_growth_014.npy,crack_growth,4,0.7344561355297533,8.76572036743164,8.76370906829834,8.851491928100586,9.175616264343262,9.771245002746582,8.86053466796875,8.763370513916016,8.722251892089844,8.701662063598633,8.697280883789062,8.69385814666748,8.719047546386719,8.70601749420166,8.704242706298828,8.703051567077637,8.330592155456543,0.0,0.0,0.0,0.0,0.0,0.0,0.0,0.0,0.0,0.0,0.0,0.0,0.0,0.0,0.0,0.0
crack_growth_015.npy,crack_growth,3,0.56153306338879,8.70477294921875,8.760964393615723,8.764548301696777,8.940293312072754,9.315181732177734,8.746137619018555,8.732860565185547,8.714516639709473,8.724684715270996,8.706121444702148,8.713245391845703,8.69432258605957,8.709304809570312,8.722354888916016,8.731034278869629,8.324377059936523,0.0,0.0,0.0,0.0,0.0,0.0,0.0,0.0,0.0,0.0,0.0,0.0,0.0,0.0,0.0,0.0
crack_growth_016.npy,crack_growth,3,0.8672586261158913,8.786887168884277,8.807304382324219,8.896566390991211,9.29124927520752,9.807217597961426,8.889126777648926,8.759300231933594,8.737186431884766,8.729104042053223,8.71078109741211,8.700508117675781,8.716351509094238,8.709345817565918,8.69848918914795,8.711942672729492,8.31783676147461,0.0,0.0,0.0,0.0,0.0,0.0,0.0,0.0,0.0,0.0,0.0,0.0,0.0,0.0,0.0,0.0
crack_growth_017.npy,crack_growth,3,0.562863019824414,8.744584083557129,8.735677719116211,8.767753601074219,8.999167442321777,9.475003242492676,8.78286361694336,8.72460651397705,8.74557113647461,8.73208999633789,8.719582557678223,8.713929176330566,8.712607383728027,8.681245803833008,8.707306861877441,8.712763786315918,8.306102752685547,0.0,0.0,0.0,0.0,0.0,0.0,0.0,0.0,0.0,0.0,0.0,0.0,0.0,0.0,0.0,0.0
crack_growth_018.npy,crack_growth,3,0.8409042283036271,8.753881454467773,8.745255470275879,8.779032707214355,9.033108711242676,9.320395469665527,8.80785083770752,8.771862030029297,8.689738273620605,8.73513126373291,8.744155883789062,8.712448120117188,8.71257495880127,8.709197044372559,8.718978881835938,8.700361251831055,8.322415351867676,0.0,0.0,0.0,0.0,0.0,0.0,0.0,0.0,0.0,0.0,0.0,0.0,0.0,0.0,0.0,0.0
crack_growth_019.npy,crack_growth,5,0.8888133895615066,8.806439399719238,8.818853378295898,8.90998649597168,9.348522186279297,9.8526611328125,8.93559741973877,8.79768180847168,8.73953914642334,8.743037223815918,8.70168685913086,8.727166175842285,8.715093612670898,8.7130126953125,8.712374687194824,8.695335388183594,8.312129974365234,0.0,0.0,0.0,0.0,0.0,0.0,0.0,0.0,0.0,0.0,0.0,0.0,0.0,0.0,0.0,0.0
crack_growth_020.npy,crack_growth,1,0.6626293187889141,8.69719409942627,8.733968734741211,8.748262405395508,8.886882781982422,9.178608894348145,8.769341468811035,8.702719688415527,8.710206031799316,8.697027206420898,8.69980525970459,8.722046852111816,8.705463409423828,8.697320938110352,8.73887825012207,8.712088584899902,8.307777404785156,0.0,0.0,0.0,0.0,0.0,0.0,0.0,0.0,0.0,0.0,0.0,0.0,0.0,0.0,0.0,0.0
crack_growth_021.npy,crack_growth,3,0.5114097777501736,8.734187126159668,8.726902961730957,8.76075553894043,8.866376876831055,9.036139488220215,8.762248039245605,8.722504615783691,8.718817710876465,8.708477020263672,8.718536376953125,8.718681335449219,8.721551895141602,8.691308975219727,8.70542049407959,8.701247215270996,8.336742401123047,0.0,0.0,0.0,0.0,0.0,0.0,0.0,0.0,0.0,0.0,0.0,0.0,0.0,0.0,0.0,0.0
crack_growth_022.npy,crack_growth,4,0.8498990888543284,8.735666275024414,8.765857696533203,8.813098907470703,9.03455924987793,9.300081253051758,8.784697532653809,8.725358009338379,8.739258766174316,8.70525074005127,8.713165283203125,8.724807739257812,8.738874435424805,8.72435188293457,8.721784591674805,8.725653648376465,8.33725643157959,0.0,0.0,0.0,0.0,0.0,0.0,0.0,0.0,0.0,0.0,0.0,0.0,0.0,0.0,0.0,0.0
crack_growth_023.npy,crack_growth,3,0.835661866448032,8.766559600830078,8.766241073608398,8.816433906555176,9.098841667175293,9.587055206298828,8.814743041992188,8.723990440368652,8.738179206848145,8.721963882446289,8.701794624328613,8.728228569030762,8.713401794433594,8.719651222229004,8.69248104095459,8.678314208984375,8.316125869750977,0.0,0.0,0.0,0.0,0.0,0.0,0.0,0.0,0.0,0.0,0.0,0.0,0.0,0.0,0.0,0.0
crack_growth_024.npy,crack_growth,5,0.7687047657377274,8.763254165649414,8.78488826751709,8.8145170211792,9.204366683959961,9.767788887023926,8.8695650100708,8.749759674072266,8.73898696899414,8.714168548583984,8.715412139892578,8.72620964050293,8.747610092163086,8.71633243560791,8.716285705566406,8.72498893737793,8.303890228271484,0.0,0.0,0.0,0.0,0.0,0.0,0.0,0.0,0.0,0.0,0.0,0.0,0.0,0.0,0.0,0.0
crack_growth_025.npy,crack_growth,2,0.8034016665075009,8.749124526977539,8.774879455566406,8.811382293701172,9.11720085144043,9.634673118591309,8.834946632385254,8.749594688415527,8.702686309814453,8.685041427612305,8.71074104309082,8.711808204650879,8.728096961975098,8.707456588745117,8.700441360473633,8.71426773071289,8.302371978759766,0.0,0.0,0.0,0.0,0.0,0.0,0.0,0.0,0.0,0.0,0.0,0.0,0.0,0.0,0.0,0.0
crack_growth_026.npy,crack_growth,3,0.8342752328621741,8.765599250793457,8.763811111450195,8.811949729919434,9.136260986328125,9.653549194335938,8.808481216430664,8.744181632995605,8.709314346313477,8.709556579589844,8.714273452758789,8.711230278015137,8.716592788696289,8.734625816345215,8.718313217163086,8.69777774810791,8.330744743347168,0.0,0.0,0.0,0.0,0.0,0.0,0.0,0.0,0.0,0.0,0.0,0.0,0.0,0.0,0.0,0.0
crack_growth_027.npy,crack_growth,2,0.7930583446556874,8.767904281616211,8.75160026550293,8.806120872497559,9.049444198608398,9.438340187072754,8.822639465332031,8.717949867248535,8.737808227539062,8.725239753723145,8.673029899597168,8.701465606689453,8.719651222229004,8.706439018249512,8.740601539611816,8.687984466552734,8.311502456665039,0.0,0.0,0.0,0.0,0.0,0.0,0.0,0.0,0.0,0.0,0.0,0.0,0.0,0.0,0.0,0.0
crack_growth_028.npy,crack_growth,1,0.6951265811992169,8.731401443481445,8.726791381835938,8.743193626403809,8.860772132873535,9.017781257629395,8.749235153198242,8.710082054138184,8.713005065917969,8.723430633544922,8.700050354003906,8.736076354980469,8.706298828125,8.72376823425293,8.714601516723633,8.712757110595703,8.307795524597168,0.0,0.0,0.0,0.0,0.0,0.0,0.0,0.0,0.0,0.0,0.0,0.0,0.0,0.0,0.0,0.0
crack_growth_029.npy,crack_growth,2,0.8091953021226768,8.754250526428223,8.766646385192871,8.783832550048828,9.01049518585205,9.239768981933594,8.811323165893555,8.716302871704102,8.744195938110352,8.720057487487793,8.741591453552246,8.688163757324219,8.705928802490234,8.712899208068848,8.720841407775879,8.706785202026367,8.314019203186035,0.0,0.0,0.0,0.0,0.0,0.0,0.0,0.0,0.0,0.0,0.0,0.0,0.0,0.0,0.0,0.0
crack_growth_030.npy,crack_growth,1,0.7470779398790525,8.720099449157715,8.718951225280762,8.732537269592285,8.868487358093262,8.982677459716797,8.76517391204834,8.725740432739258,8.712343215942383,8.704216957092285,8.703493118286133,8.697206497192383,8.718746185302734,8.6958589553833,8.70246410369873,8.736185073852539,8.3065824508667,0.0,0.0,0.0,0.0,0.0,0.0,0.0,0.0,0.0,0.0,0.0,0.0,0.0,0.0,0.0,0.0
crack_growth_031.npy,crack_growth,4,0.8780972455494978,8.775187492370605,8.774669647216797,8.846616744995117,9.190010070800781,9.628731727600098,8.856823921203613,8.756333351135254,8.736146926879883,8.739397048950195,8.705362319946289,8.674808502197266,8.7155179977417,8.70296859741211,8.724501609802246,8.717817306518555,8.35731029510498,0.0,0.0,0.0,0.0,0.0,0.0,0.0,0.0,0.0,0.0,0.0,0.0,0.0,0.0,0.0,0.0
crack_growth_032.npy,crack_growth,1,0.33687565729169233,8.707035064697266,8.725380897521973,8.71274185180664,8.790111541748047,8.97940731048584,8.73461627960205,8.715170860290527,8.710129737854004,8.693395614624023,8.717779159545898,8.718685150146484,8.708889961242676,8.69279670715332,8.709797859191895,8.728873252868652,8.302862167358398,0.0,0.0,0.0,0.0,0.0,0.0,0.0,0.0,0.0,0.0,0.0,0.0,0.0,0.0,0.0,0.0
crack_growth_033.npy,crack_growth,3,0.6821344529943805,8.756848335266113,8.770890235900879,8.805438995361328,9.024239540100098,9.3616361618042,8.8049955368042,8.74065113067627,8.741172790527344,8.724623680114746,8.707996368408203,8.682596206665039,8.714240074157715,8.72705078125,8.707298278808594,8.720390319824219,8.323326110839844,0.0,0.0,0.0,0.0,0.0,0.0,0.0,0.0,0.0,0.0,0.0,0.0,0.0,0.0,0.0,0.0
crack_growth_034.npy,crack_growth,3,0.6219880380465416,8.74182415008545,8.733111381530762,8.771924018859863,9.000433921813965,9.359034538269043,8.791252136230469,8.73569393157959,8.732305526733398,8.713985443115234,8.712268829345703,8.71369457244873,8.730447769165039,8.722569465637207,8.695453643798828,8.700282096862793,8.305305480957031,0.0,0.0,0.0,0.0,0.0,0.0,0.0,0.0,0.0,0.0,0.0,0.0,0.0,0.0,0.0,0.0
crack_growth_035.npy,crack_growth,2,0.7004772943802636,8.746456146240234,8.73411750793457,8.761696815490723,8.894429206848145,9.10507583618164,8.7678804397583,8.738520622253418,8.72089672088623,8.707317352294922,8.717881202697754,8.706052780151367,8.720504760742188,8.711816787719727,8.711318016052246,8.711148262023926,8.301682472229004,0.0,0.0,0.0,0.0,0.0,0.0,0.0,0.0,0.0,0.0,0.0,0.0,0.0,0.0,0.0,0.0
crack_growth_036.npy,crack_growth,4,0.8751864448171736,8.760525703430176,8.770000457763672,8.823260307312012,9.166158676147461,9.560555458068848,8.843814849853516,8.734947204589844,8.749286651611328,8.727288246154785,8.720251083374023,8.711215019226074,8.743078231811523,8.72460651397705,8.712303161621094,8.706403732299805,8.301335334777832,0.0,0.0,0.0,0.0,0.0,0.0,0.0,0.0,0.0,0.0,0.0,0.0,0.0,0.0,0.0,0.0
crack_growth_037.npy,crack_growth,4,0.7842910169002791,8.752982139587402,8.7544584274292,8.814805030822754,9.131668090820312,9.57475757598877,8.852531433105469,8.748734474182129,8.721248626708984,8.724797248840332,8.690581321716309,8.73051929473877,8.733484268188477,8.705530166625977,8.721673011779785,8.702678680419922,8.306821823120117,0.0,0.0,0.0,0.0,0.0,0.0,0.0,0.0,0.0,0.0,0.0,0.0,0.0,0.0,0.0,0.0
crack_growth_038.npy,crack_growth,2,0.29076519586426586,8.703958511352539,8.708699226379395,8.743579864501953,8.78512191772461,8.95798397064209,8.722182273864746,8.725397109985352,8.7052583694458,8.719048500061035,8.724139213562012,8.714308738708496,8.70665454864502,8.724176406860352,8.72034740447998,8.708454132080078,8.306863784790039,0.0,0.0,0.0,0.0,0.0,0.0,0.0,0.0,0.0,0.0,0.0,0.0,0.0,0.0,0.0,0.0
crack_growth_039.npy,crack_growth,3,0.47581383809254374,8.69845199584961,8.713891983032227,8.74778938293457,8.856315612792969,9.084636688232422,8.768957138061523,8.751225471496582,8.730474472045898,8.736197471618652,8.708436965942383,8.716042518615723,8.725632667541504,8.683597564697266,8.706583023071289,8.705521583557129,8.316485404968262,0.0,0.0,0.0,0.0,0.0,0.0,0.0,0.0,0.0,0.0,0.0,0.0,0.0,0.0,0.0,0.0
